<Financial_DW>
<calendar_dim>
<calendar_id>1</calendar_id>
<loan_month>1</loan_month>
<loan_year>1994</loan_year>
<account_month>3</account_month>
<account_year>1995</account_year>
<full_date>1995-03-24T00:00:00</full_date>
</calendar_dim>
<calendar_dim>
<calendar_id>2</calendar_id>
<loan_month>9</loan_month>
<loan_year>1997</loan_year>
<account_month>8</account_month>
<account_year>1996</account_year>
<full_date>1996-08-28T00:00:00</full_date>
</calendar_dim>
<calendar_dim>
<calendar_id>3</calendar_id>
<loan_month>7</loan_month>
<loan_year>1993</loan_year>
<account_month>12</account_month>
<account_year>1993</account_year>
<full_date>1993-12-28T00:00:00</full_date>
</calendar_dim>
</Financial_DW>