<Financial_DW>
<loan_fact>
<loan_id>1</loan_id>
<client_id>1</client_id>
<account_id>1</account_id>
<calendar_id>1</calendar_id>
<district_id>18</district_id>
<district_name>Pisek</district_name>
<duration>24</duration>
<payments>3373</payments>
<amount>80952</amount>
<status>A</status>
</loan_fact>
<loan_fact>
<loan_id>2</loan_id>
<client_id>1</client_id>
<account_id>343</account_id>
<calendar_id>262</calendar_id>
<district_id>18</district_id>
<district_name>Pisek</district_name>
<duration>48</duration>
<payments>4358</payments>
<amount>209184</amount>
<status>A</status>
</loan_fact>
<loan_fact>
<loan_id>3</loan_id>
<client_id>1</client_id>
<account_id>413</account_id>
<calendar_id>337</calendar_id>
<district_id>18</district_id>
<district_name>Pisek</district_name>
<duration>60</duration>
<payments>1081</payments>
<amount>64860</amount>
<status>C</status>
</loan_fact>
</Financial_DW>